William,John,Richard,Robert,Henry,Ralph,Thomas,Walter,Roger,Hugh,Geoffrey,Simon,Adam,Nicholas,Peter,Gilbert,Alan,Phillip,Reginald,Stephen,Elias,Alexander,Osbert,Eustace,Andrew,Matthew,Ranulf,Michael,Warin,Godfrey,Hamo,Jordan,Baldwin,Martin,Humphrey,Gerard,David,James,Laurence,Herbert,Hervey,Bartholomew,Luke,Maurice,Gervase,Fulk,Ernald,Eudo,Guy,Josceus,Nigel,Benedict,Bernard,Hubert,Isaac,Milo,Oliver,Brian,Payn,Alvred,Edmund,Odo,Edward,Aymer,Theobald,Abraham,Ernisius,Everard,Jacob,Thurstan,Aaron,Clement,Giles,Reiner,Waleran,Drogo,Gregory,Rolland,Samson,Vincent,Bertram,Engeram,Godwin,Jocelin,Lambert,Mosse,Patrick,Richer,Ailwin,Amfrid,Augustine,Edwin,Ratikin,Walkelin,Alard,Anselm,Arnulf,Bonefey,Colin,Denis,Joel,Llywelyn,Saer,Sampson,Swain,Vivian,Ailric,Daniel,Deodatus,Ernulf,Hamelin,Jollan,Osmund,Paulinus,Randulf,Salomon,Samuel,Seman,Sewal,Silvester,Ailbric,Albert,Albinus,Charles,Constantine,Fulcher,Leo,Manasser,Norman,Odard,Roland,Savaric,Ursellus,Warner,Wido,Wymer,Absolom,Ailmer,Aldr',Anketillus,Ansell,Archibald,Arnold,Aubrey,Berengar,Bonamy,Bruno,Christopher,Conan,Copin,Dyay,George,Gruffydd,Hasculf,Herlewin,Hugues,Ilger,Imbert,Joldwin,Joscepinus,Jukell,Lefsi,Louis,Lumbard,Lyulf,Macy,Madoc,Mar',Marmaduke,Mauger,Orm,Otuel,Picot,Reimund,Reinfrid,Reinger,Reymund,Rhys,Rocelin,Serlo,Siward,Terricus,Theodoric,Urs,Wigan,Wimer,Winneis,Wischard,Wormund,Acer,Acius,Adrian,Afonso,Ailfric,Ailif',Ailmund,Ailred,Ailward,Aimeric,Albizium,Albric,Aldred,Alfward,Algrym,Alnothus,Alpeis',Aluffus,Alwfyn,Amandus,Amioter,Amis,Ancelin,Ang',Anger,Angerus,Angevin,Angod',Anketil,Ansketil,Ansty,Arnald,Arnaud,Arnewic,Ascelin,Askelin,Askell,Askeltillus,Astinus,Athelstan,Aucher,Auclerc,Aunger,Autry,Azo,Baldekin,Baldewar,Bayo,Benjamin,Berner',Boneme,Brice,Brictmar,Brightulf,Brito,Bron,Buchard,Burward,Cocky,Cok,Costericus,Cradoc,Cundo,Deulobene,Doun,Duncan,Dunstan,Durand,Durant,Duva,Edwy,Eglinus,Eigus,Eilmer,Eiward,Elevered,Elgar,Ellemus,Elwin,Elyaduk',Engelard,Engeler,Enguerrand,Enjuger,Eston',Estur,Everwin,Fabian,Fadoc,Falkes,Farramus,Ferrand,Florence,Florent,Flourecoc,Fobert,Folbruth,Fordemus,Fraricus,Frarius,Frayo,Fred,Frederick,Freme,Gemmion,Gerebert,German,Giacomo Piero,Gilmichel,Gimell,Gocelin,Gocius,Godard,Godefeld,Godescallus,Goding,Godric,Gomund,Gospatric,Gosse,Gotel,Graland,Greiland,Griffin,Guala,Guibert,Gundwin,Guner,Gunther,Gwenwynwyn,Gwrgeneu,Gymer,Haco,Hacon,Haghemund,Hammecok',Harekin,Harold,Hascoil,Hasculph,Hay,Heinfrid,Helmewi,Heltonus,Hengest,Hereward,Hilary,Hoel,Honorius,Humbert,Huward,Ingelbert,Innorus,Isoldus,Jakelin,Jean,Jekell,Jer,Jeremy,Jerman,Joscelin,Josse,Julian,Jurnet,Jurninus,Ketelbert,Lambin,Langus,Lecard,Lefrich,Lefwin,Leon,Leverum,Lisewus,Lithulf,Liulf,Mabba,Mack,Magnus,Maillard,Mainer,Mairin,Malger,Malveisin,Markewart,Mathias,Meer,Meiler,Meredudd,Merus,Odbert,Odinell,Oenius,Oger,Orderic,Orguilus,Ormer,Osa,Otewy,Otta,Otto,Owain,Palmer,Pandulf,Peitevin,Pentecost,Perceval,Picot',Pinch,Poitevin,Pykot',Quentin,Randulph,Renauld,Reymond,Roald,Rochulf,Roeland,Rogo,Rumfar',Russell,Saher,Saladin,Salekin,Samar',Samariellus,Segar,Seignuret,Semarus,Semayne,Sewic,Sigar,Simeon,Sinulf,Solomon,Stannard,Suetrich,Sunnolf,Swein,Thebaut,Theodore,Thibaud,Thorald,Thoreword,Tollanus,Tony,Traher,Tristan,Turgot,Turkild,Turkill,Turswereys,Ulf,Ulfketell,Urban,Urricus,Vigan,Vitalis,Vivard,Vives,Vivon,Wad',Waldethus,Walding,Walerand,Wales,Walon',Wandregisilius,Westereis,Wichtmer,Wimarc,Wugan,Wulgar,Wuluric',Wurmund,Wyard,Wybertus,Wymarc,Wynan,Wyremund',Ywanus,Zacharias,
