Abanathy,Abernathy,Ackerman,Ackles,Ackless,Acklin,Adair,Adams,AdamsJ,Adare,Aday,Adkins,Agin,Albright,Aldridge,Alexander,Allen,Allison,Alman,Almon,Alter,Amonet,Anderson,Andrew,Anyan,Applewhite,Arbrough,Ard,Armstrong,Arnold,Arons,Arundel,Ashbarn,Ashborn,Ashburn,Ashworth,Aswell,Atchison,Atkins,Atkinson,Autry,Avertegas,Axely,Axley,Babb,Badgely,Baggs,Bail,Bailey,Bails,Baily,Baimmie,Baird,Baker,Baldridge,Ballew,Bankson,Bankston,Barbeau,Barber,Barbour,Barboure,Barefieldg,Barnel,Barnes,Barnet,Barnett,Barnhart,Barnsback,Bart,Bartlett,Basey,Basore,Bass,Bateman,Battenhouse,Bayles,Bayless,Bayne,Beacon,Beaman,Bear,Beard,Beatt,Beatty,Beauvais,Beck,Beeman,Belcher,Bell,Belsher,Beman,Bennet,Bernard,Bernett,Berrimon,Berry,Beson,Bier,Biggs,Bigham,Bilberback,Bilbo,Bilderback,Bill,Biram,Bird,Birdwell,Birmingham,Biron,Bishop,Black,Blackburn,Blackford,Blackman,Blackwell,Blair,Blalock,Blane,Blankenship,Blankinship,Blasingham,Bledoe,Block,Bloodworth,Bloom,Blue,Bly,Blythe,Boatwright,Boggs,Bogs,Boling,Bollng,Boman,Bonds,Bone,Bonham,Bono,Boon,Boot,Boren,Borough,Borrier,Borsby,Bosheart,Bosley,Bosli,Boucher,Boultinghouse,Bounds,Bowerman,Bowman,Bows,Box,Boyd,Bradberry,Bradley,Bradshaw,Bradwater,Bragg,Braman,Bramlett,Brashears,Brazel,Brewster,Briant,Brickey,Bridges,Brigance,Briggs,Brigham,Briley,Brimberry,Brisco,Briscoe,Britton,Brooks,Brooksher,Broom,Brown,Brownfield,Bruin,Brundage,Bryan,Bryant,Brynon,Buchan,Buck,Buckels,Buckner,Buie,Bullen,Bullick,Bunch,Burchfield,Burgess,Burks,Burleson,Burlicon,Burlisoil,Burlison,Burney,Burris,Burrow,Burrus,Butea,Butler,Buyat,Byram,Byrd,Cabaniss,Cain,Calhoun,Callier,Calvert,Campbell,Camudy,Cannady,Cannon,Capshaw,Carmack,Carnes,Carothers,Carpenter,Carr,Carrell,Carriel,Carroll,Carson,Carter,Caruther,Cary,Casey,Castelan,Casten,Caston,Cates,Catt,Cattersons,Cawley,Cerns,Chaffin,Chalfin,Chambers,Chambliss,Chance,Charleville,Cheatham,Chelton,Chilcoat,Childers,Childre,Childres,Childress,Chilton,Chinia,Chllders,Christain,Cissna,Clark,Clarke,Clay,Clayton,Clem,Clemens,Clements,Clemm,Clendenin,Clendenon,Cleveland,Click,Clifton,Clonch,Cloud,Clounch,Clover,Cloyd,Clyne,Coatney,Cobb,Cochran,Cockram,Cofman,Coil,Cola,Cole,Coleman,Coley,Collins,Conley,Conner,Connor,Convers,Converse,Conway,Cook,Coolman,Cooper,Corathers,Corbitt,Corn,Cornelius,Corps,Cosby,Coshler,Cossy,Cotten,Cotton,Cottrell,Couch,Coursey,Covington,Coward,Cowin,Cox,Coyle,Craft,Crage,Craig,Craiger,Crain,Craine,Craker,Cramer,Crane,Craton,Cravens,Crawford,Creath,Creek,Crisp,Crocker,Crossey,Crossley,Crothers,Crouch,Crouser,Crowder,Crowley,Crowson,Cruise,Cry,Culbertson,Cullin,Culp,Culwell,Cumins,Cummings,Cummins,Cuningham,Cunningham,Cuoy,Currie,Curry,Curtis,Curuthers,Cutler,Dailey,Daley,Dallarhide,Daniel,Daniels,Darneal,Darter,Dassa,Daugherty,Daughtry,Davenport,Davidson,Davis,Davison,Day,De Gognie,Dean,Dearman,Deason,Debow,Deckers,Dees,Delasmeat,Deleplain,Delorme,Denman,Dennis,Dennison,Depreet,Derrick,Devenport,Dick,Dickerson,Diliplain,Dobbs,Dodd,Dodge,Doherty,Dolin,Donaho,Donahue,Dore,Dorsey,Dory,Doughty,Dover,Dowling,Downing,Downsy,Drake,Dredden,Drewer,Drocker,Drury,Druver,Dublin,Dugan,Duitt,Duncan,Dunkin,Dunlap,Dunn,Dunnell,Dunnigan,Dupree,Durkine,Dutton,Eades,Earl,Easley,East,Easter,Eastes,Eberman,Eckford,Eckman,Eddins,Eden,Edes,Edmonson,Edwards,Elder,Eldridge,Ellington,Ellion,Elliot,Elliott,Elliotte,Ellison,Emert,Emery,Enceminger,Ennis,Enoch,Enochs,Erwin,Erwood,Ethridge,Evans,Everett,Ewbanks,Eyman,Fairbanks,Farely,Farney,Farr,Farrar,Fase,Felder,Fellow,Ferguson,Ferrell,Ferret,Fields,Fike,Finch,Fine,Finley,Finton,Fisher,Flanery,Flanigan,Fleming,Flippo,Forgason,Forgerson,Forgett,Forrest,Forrester,Fort,Foster,Foucher,Fowler,Fox,Fray,Frazure,Freedom,French,Frizby,Fry,Fuel,Fullmore,Fulmore,Fulton,Futral,Gable,Gadler,Gage,Gailey,Gaither,Gallaspy,Gamble,Gambol,Ganda,Gander,Gardner,Garlington,Garner,Garratt,Garrett,Garrison,Garver,Gasgill,Gassfort,Gastin,Gaston,Gatlett,Gaugue,Genam,Gendeon,Gendron,Geron,Gibson,Gidier,Giger,Gilbert,Gilbreath,Gilham,Gill,Gillace,Gillard,Gillen,Gillham,Ginn,Girtman,Glasscock,Glenn,Glun,Godere,Godier,Goff,Going,Goings,Goldsmith,Good,Goodson,Goor,Goosean,Gorden,Gordon,Grafton,Gragg,Graham,Grant,Graves,Gravet,Gray,Grayham,Graysoll,Grayson,Green,Greenhaw,Griffeth,Griffin,Griffith,Groats,Groomes,Grooms,Grves,Guarrinan,Guice,Guin,Gullet,Gunnel,Guyee,Gwin,Hadden,Hadon,Hagerman,Haggins,Hall,Hallin,Halterman,Ham,Hambrick,Hamilton,Hammer,Hampton,Hamrick,Hancock,Haney,Hanigan,Hanlon,Hannah,Harbeson,Harbin,Hardy,Hargrave,Hargrove,Harkness,Harlin,Harmon,Harper,Harrington,Harris,Harrison,Hart,Hartgrove,Harvard,Hastings,Hatfield,Hathorn,Hatton,Havenor,Havis,Hawk,Hawke,Hawkins,Hawks,Haycock,Hayden,Haynes,Hays,Hayse,Hazelton,Hazle,Head,Heart,Helms,Hemby,Hencely,Henderson,Hendrick,Hendricks,Henry,Henson,Herrald,Herron,Hester,Hewitt,Hicklin,Hicks,Hide,Higens,Higgins,Hil1,Hill,Hillard,Hillebrand,Hilton,Hinds,Hitchcock,Hix,Hixon,Hlll,Hoake,Hoakes,Hobson,Hodge,Hodges,Hogan,Holcomb,Holland,Hollaway,Holmark,Holmes,Holt,Honey,Honnan,Hood,Hopkins,Hopton,Horn,Horsea,Horton,Howard,Hubbard,Hubbard.,Huder,Hudon,Hudson,Huffman,Hughes,Hughs,Huitt,Hull,Humphrey,Humphreys,Hunt,Hurlong,Huse,Huston,Hutchison,Hutten,Hutton,Ice,Ilix,Ingram,Inman,Iondrow,Irby,Irin,Irwin,Isaac,Isbell,Jack,Jackson,Jacobs,Jamison,Jarlinton,Jarrat,Jarvie,Jarvis,Jenkins,Jenna,Jennings,Jerome,Jervis,Jobe,John,Johns,Johnson,Johnston,Joiles,Jones,Jordan,Jordin,Jordon,Jourdan,Journey,Judy,Jurney,Kavenor,Keen,Keeth,Kelly,Kemp,Kenedy,Kennamer,Kennedy,Kennemore,Kent,Kerns,Key,Kick,Killingsworth,Kimberly,Kinder,King,Kink,Kinsey,Kirkendall,Kirklin,Kirkpatrick,Kitchell,Kitchens,Knight,Knox,Koon,La Chapelle,La Franbris,Labrau,Lacey,Lachasspell,Lacy,Ladd,Lamb,Lamberson,Lamer,Lamonte,Lancaster,Landers,Landrith,Lane,Langford,Langham,Langlue,Langston,Lankford,Lard,Lark,Larner,Lary,Lasiter,Lassley,Laughlin,Laurence,Law,Lawler,Lawrence,Lawry,Lawton,Lay,Lazadder,Lazrus,Lecount,Ledbetter,Lee,Leedy,Leggett,Legran,Lemiene,Lemon,Lenard,Leonax,Leone,Lepan,Lessauree,Lesuere,Leveston,Levinston,Lewis,Lezenby,Light,Linch,Linder,Lindley,Lindsey,Lindzey,Linley,Linn,Linsey,Linvill,Linzey,Lisanbee,Little,Lively,Livingston,Lloyd,Lockhart,Long,Lorton,Louglore,Love,Lowry,Loy,Loyd,Lucas,Lucus,Luisk,Luker,Luntzford,Lusk,Luster,Luttrell,Lyming,Lynch,Lynn,Mabury,Mace,Machan,Mackey,Macoy,Maddox,Magby,Magers,Mahan,Malone,Mannan,Mansin,Manson,Markham,Marney,Marshall,Martin,Martindale,Martindel,Marvel,Mathews,Mathias,Mathis,Matthews,Matthis,Mattingly,Mattocks,Maulding,Maxville,Maxwell,May,Mc Allister,Mc Bride,Mc Callister,Mc Cann,Mc Clinton,Mc Cormick,Mc Coy,Mc Cracken,Mc Daniel,Mc Donald,Mc Donough,Mc Dow,Mc Elroy,Mc Fadgin,Mc Farland,Mc Farling,Mc Gahan,Mc Gehee,Mc Henry,Mc Kinney,Mc Laughlin,Mc Murtry,Mc Nabb,Mc Neal,McAfee,McAnulty,McBride,McBroom,McCachron,McCain,McCall,McCartney,McCay,McClorg,McCormic,McCowey,McCrachran,McCulley,McCutchen,McDonald,McDowell,McDuffee,McFerrin,McGahey,McGinty,McGlamery,McGowan,McGowen,McKamey,McKinney,McKinsey,McKneely,McLary,McLemore,McLendon,McLin,McMahan,McMahon,McMane,McMillan,McMurtrey,McNease,McPhail,McRay,McWhorter,McWilliams,Meacham,Mears,Meaux,Medford,Megahha,Megee,Meloy,Meningall,Meriday,Merrimoon,Metcalf,MGehee,MGlamery,Michel,Michell,Middleton,Milam,Milch,Miller,Million,Miltong,Minix,Minor,Minson,Minton,Mitchel,Mitchell,Mitclel,Montgomery,Montrow,Montroy,Moon,Moone,Mooney,Moor,Moore,Mooreland,More,Morell,Morgan,Morice,Morman,Morris,Morriss,Morrow,Moseley,Mosier,Moulding,Mowery,Moys,Mullins,Murdoch,Murfrey,Murpey,Murphey,Murphy,Murrell,Murry,Murtry,Myars,Myers,Nabors,Nail,Nash,Neal,Neele,Neelley,Neely,Nelms,Nelson,Nesmith,Newlin,Newman,Nichols,Nicholson,Nicllols,Nix,Nixon,Noblin,Normen,Norood,Norton,Norwood,Nowlan,Nowlin,Null,Odum,Ogle,O'neal,Ooten,Ormsby,Orr,Osbury,Ostean,Otwell,Owen,Owens,Owings,Pace,Page,Paine,Paise,Parker,Parkman,Parris,Paterson,Paton,Patrick,Patterson,Patton,Paxton,Payne,Pea,Pearce,Peek,Peer,Peevey,Pelham,Pence,Penninon,Pera,Perkins,Perry,Person,Pesio,Petel,Peter,Peterson,Petoin,Pettus,Petty,Peyatt,Philhart,Philips,Phillils,Phillips,Pickett,Pierce,Pike,Pilant,Pillere,Pillers,Pilquer,Piper,Pirvis,Pittard,Pittet,Pittman,Pixley,Plant,Poley,Pompey,Pool,Poole,Poor,Porikett,Porter,Poscal,Posey,Postell,Potter,Potts,Powcr,Powell,Power,Powers,Prestidge,Preston,Prewitt,Priest,Pritchard,Province,Prude,Pruitt,Pullum,Purden,Pure,Pursley,Qarons,Quick,Quicley,Quigley,Quine,Raborn,Radcliff,Radclifft,Ragan,Ragen,Ragsdale,Raimer,Rainbolt,Rains,Ramey,Randle,Randleman,Randolph,Raney,Rascow,Rather,Ratliff,Rawlings,Rawlison,Ray,Read,Reas,Reavis,Rector,Redden,Redding,Reed,Reeves,Reiner,Rendell,Renno,Reter,Reynolds,Rhea,Rhodes,Rice,Richardson,Riddle,Riddles,Rife,Riggor,Right,Risenbough,Rittenhouse,Roach,Roades,Robert,Roberts,Robertson,Robinett,Robinon,Robins,Robinson,Robston,Roche,Rochell,Roder,Rodger,Rodgers,Rodwdon,Rogers,Rolandg,Roller,Rolls,Romedus,Romine,Roper,Ross,Rotine,Rountree,Rowan,Roy,Royalston,Roylston,Rupe,Rush,Russell,Rutherford,Ryan,Ryons,Sailing,Sam,Sampler,Samples,Sandell,Sander,Sanders,Sanderson,Savadge,Savage,Saxon,Scallion,Scarborough,Scaton,Sceal,Scim,Scott,Scruggs,Sealey,Sears,Seaton,Sebott,Segar,Self,Sellar,Sellers,Sells,Selph,Selser,Sevier,Shankle,Sharp,Sharpe,Shaw,Sheckles,Shell,Shelton,Shepherd,Sherkey,Shickle,Shields,Shoemaker,Shook,Short,Shott,Show,Sibley,Simmons,Simons,Simpson,Sims,Sink,Sipley,Siscoe,Sively,Skantlin,Skinner,Slaughter,Sleter,Slocomb,Small,Smalley,Smalling,Smeiser,Smelcer,Smelson,Smith,Smylie,Smyth,Snall,Snodgrass,Snow,Sorrels,Soy,Sparks,Speaks,Speer,Spigel,Springer,Spurlock,Spurrs,St John,St Pierre,Stafford,Staggs,Stallings,Stallions,Standlee,Stanley,Stanly,Starkey,Starks,Stean,Steegar,Steel,Steele,Stephens,Stephenson,Stevens,Steward,Stewart,Stidman,Stockdon,Stockton,Stokes,Stone,Storton,Stout,Stovery,Strain,Street,Stringfellow,Strong,Stubblefield,Stumm,Sturn,Sulcey,Sullivan,Summers,Swaney,Swann,Sweeten,Sweeton,Swigart,Swigert,Tackett,Talbott,Tamaraoa,Tampble,Tapley,Tatum,Tavery,Tayes,Taylor,Taylvr,Teabeau,Teeter,Temples,Templeton,Terrell,Teter,Tetricks,Therill,Thomas,Thomerson,Thompson,Thorn,Thornton,Thresher,Thurton,Tidwell,Tiegue,Tilford,Tilman,Tinder,Tipton,Tlpton,Todd,Toland,Tolley,Tongue,Tonlouse,Towd,Tramble,Tramell,Trammel,Trask,Treadwell,Trentham,Trepho,Trimble,Trotmcn,Trotmon,Troupa,Trout,Trump,Trux,Tuckee,Tucker,Tulli,Turnay,Turnbo,Turnbow,Turner,Turvin,Tweedy,Tyrone,Upton,Vadarsdal,Van Hoozer,Vanarsdale,Vanarsdall,Vance,Vandiver,Vanhoofer,Vanhooser,Vanhoozer,Vanic,Vanwinkle,Vassume,Vassure,Vaughan,Vaughn,Vaught,Vaugn,Vermillion,Vernon,Vickers,Vickery,Vickory,Vincent,Vining,Vinzant,Virgin,Vonoy,Waddle,Waddy,Wadley,Waggoner,Wainwright,Wakefield,Walden,Walker,Wall,Wallace,Wallis,Walls,Walter,Ward,Wardin,Wardlow,Ware,Warren,Waters,Watley,Weaver,Webb,Welch,Wells,Wentsworth,West,Wetherel,Whaley,Wheat,Wheeler,Wheelock,Whitaker,White,Whiteside,Whitesides,Whitford,Whitiker,Whitley,Whitney,Whitour,Whittington,Whooley,Wilbanks,Wilcox,Wilderman,Wilkerson,Wilkinson,Willborn,Williams,Williamson,Willis,Wills,Wilmouth,Wilson,Windham,Windsor,Wingate,Wingfield,Winghart,Winkler,Winn,Winsted,Winston,Winters,Wise,Wisser,Witherington,Witt,Wobrick,Wodams,Wofford,Woke,Wolf,Wolrick,Wood,Woodall,Woodard,Woodburn,Woods,Woodward,Woolf,Wootan,Worley,Wright,Wrights,Wyett,Yarborough,Yates,Yocum,York,Young
