Aaron,Able,Abner,Abraham,Abram,Absalom,Absaon,Absolem,Absolum,Adam,Aden,Alcimedon,Alex,Alexander,Alexis,Allan,Allen,Allison,Ambrose,Amos,Anderson,Andew,Andre,Andrew,Anejust,Anthony,Antoine,Antonia,Archer,Archibald,Archible,Argyle,Aron,Arthur,Asa,Asel,August,Austin,Azor,Banks,Bardwell,Barnabas,Barnet,Barney,Bartholmew,Bartlet,Bazil,Benjamin,Benjamine,Bennett,Berry,Bird,Blassingham,Bledsoe,Bluford,Boaz,Bolling,Bond,Bradford,Branch,Briant,Brice,Bryant,Burl,Burrel,Byram,Caleb,Calep,Calip,Calvin,Champion,Charle,Charles,Christopher,Clarkston,Claudius,Cody,Coleman,Cyrus,Dan,Daniel,David,Davis,Dennis,Denton,Donaldson,Dougald,Drury,Dudley,Dugal,Duncan,Dunson,Edgel,Edmond,Edmund,Edward,Edwin,Elbert,Elemuel,Eli,Elias,Eliasha,Eliha,Elihu,Elijah,Elijsha,Elisha,Ellis,Ellsha,Ellsworth,Ely,Enoch,Ephraim,Eplaim,Evan,Ewing,Ezekiel,Felix,Field,Fleman,Francis,Francisco,Frederic,Frederick,Gabriel,Garland,George,Gilliam,Glen,Green,Greens,Guy,Hambright,Hance,Harbert,Harden,Hardin,Hardy,Harrnon,Harvey,Harvil,Hazel,Henry,Hezekiah,Hezekiahg,Hiram,Hollingsworth,Howel,Hudson,Hugh,Humphrey,Hyram,Inlam,Ira,Iriah,Isaac,Isaiah,Isaih,Isham,Isom,Israel,Jabez,Jackson,Jacob,Jahu,Jame,James,Jamese,Janus,Jarnes,Jee,Jeffries,Jeoffrey,Jeramiah,Jeremiah,Jerrod,Jesse,Jessy,Joab,Joel,Joeph,John,Johns,Jolla,Jolln,Jonas,Jonathan,Joseph,Joseph.,Josephus,Joshlla,Joshua,Josiah,Jourdon,Julian,Larkin,Larkln,Lemuel,Leonard,Levi,Levin,Lewie,Lewis,Lexington,Littleberry,Littleton,Loftin,Louis,Love,Loven,Loyd,Luke,Luther,Lynch,Malechi,Mark,Martin,Martln,Mason,Mathias,Matia,Matthew,Melkigah,Meredith,Michad,Michael,Miles,Minoah,Mitchel,Mitchell,Moas,Mordecai,Moses,Nathan,Nathaniel,Nazara,Nehemiah,Newberry,Nimrod,Noah,Orman,Ornan,Owin,Parker,Parley,Patrick,Patton,Person,Peter,Phemas,Phil,Phillip,Pleasant,Pliny,Presley,Presly,Preston,Prewett,Randol,Ebenezer,Reaves,Reden,Redrick,Reson,Reuben,Reubens,Reubin,Rial,Richard,Richmond,Robcrt,Robert,Rody,Roger,Rowland,Rubin,Samuel,Seborn,Seth,Shedrick,Silag,Silas,Simeon,Simon,Skip,Smith,Solomon,Sovereign,Spencer,Stancil,Stephen,Sterling,Stewart,Sugars,Swan,Taphney,Theophilus,Theophlus,Thomas,Thompson,Thomson,Tilman,Timothy,Tlloms,Tobia,Turner,Tyre,Uriah,Valentine,Vaniel,Veill,Vincent,Wade,Walter,Warren,Washington,Wesley,Whitmal,Wiley,Willam,William,Williams,Willis,Willlam,Wilson,Wlilliam,Wyatt,Wylle,Young,Zachariah,Zebelon,Zophue
