Adams,Alexander,Allen,Anderson,Archer,Armistead,Armstrong,Ashby,Baker,Baldwin,Barksdale,Barringer,Barry,Barton,Bate,Battle,Beale,Beall,Beauregard,Bee,Bell,Benning,Benton,Blanchard,Boggs,Bonham,Bowen,Bragg,Branch,Brandon,Brantley,Bratton,Breckinridge,Brevard,Brown,Browne,Bryan,Buckner,Buford,Bullock,Butler,Cabell,Campbell,Cantey,Capers,Carroll,Carter,Chalmers,Chambliss,Cheatham,Chesnut,Chilton,Churchill,Clanton,Clark,Clayton,Cleburne,Clingman,Cobb,Cocke,Cockrell,Colquitt,Colston,Conner,Cook,Cooke,Cooper,Corse,Cosby,Cox,Crittenden,Cumming,Daniel,Davidson,Davis,Dearing,Deas,De Lagnel,Deshler,Dibrell,Dockery,Doles,Donelson,Drayton,Du Bose,Duke,Duncan,Dunovant,Early,Echols,Ector,Elliott,Elzey,Evans,Ewell,Fagan,Featherston,Ferguson,Field,Finegan,Finley,Floyd,Forney,Forrest,Frazer,French,Frost,Fry,Gano,Gardner,Garland,Garnett,Garrott,Gartrell,Gary,Gatlin,Gholson,Gibson,Gilmer,Girardey,Gist,Gladden,Godwin,Goggin,Gordon,Gorgas,Govan,Gracie,Granbury,Gray,Grayson,Green,Greer,Gregg,Griffith,Grimes,Hagood,Hampton,Hanson,Hardee,Hardeman,Harris,Harrison,Hatton,Hawes,Hawthorn,Hays,Hebert,Helm,Heth,Higgins,Hill,Hindman,Hodge,Hogg,Hoke,Holmes,Holtzclaw,Hood,Huger,Humes,Humphreys,Hunton,Imboden,Iverson,Jackson,Jenkins,Johnson,Johnston,Jones,Jordan,Kelly,Kemper,Kennedy,Kershaw,Kirkland,Lane,Law,Lawton,Leadbetter,Lee,Leventhorpe,Lewis,Liddell,Lilley,Little,Logan,Lomax,Long,Longstreet,Loring,Lovell,Lowrey,Lowry,Lyon,Mackall,MacRae,Magruder,Mahone,Major,Maney,Manigault,Marmaduke,Marshall,Martin,Maury,Maxey,McCausland,McComb,McCown,McCulloch,McGowan,McIntosh,McLaws,McNair,McRae,Mercer,Miller,Moody,Moore,Morgan,Mouton,Nelson,Nicholls,Northrop,O'Neal,Page,Palmer,Parsons,Paxton,Payne,Peck,Pegram,Pemberton,Pender,Pendleton,Perrin,Perry,Pettigrew,Pettus,Pickett,Pike,Pillow,De Polignac,Polk,Posey,Preston,Price,Pryor,Quarles,Rains,Ramseur,Randolph,Ransom,Reynolds,Richardson,Ripley,Roane,Roberts,Robertson,Roddey,Rodes,Ross,Rosser,Ruggles,Rust,St. John,Sanders,Scales,Scott,Scurry,Sears,Semmes,Sharp,Shelby,Shelley,Shoup,Sibley,Simms,Slack,Slaughter,Smith,Stafford,Starke,Steele,Steuart,Stevens,Stevenson,Stewart,Stovall,Strahl,Stuart,Taliaferro,Tappan,Taylor,Terrill,Terry,Thomas,Tilghman,Toombs,Toon,Tracy,Trapier,Trimble,Tucker,Twiggs,Tyler,Vance,Van Dorn,Vaughan,Vaughn,Villepigue,Walker,Wallace,Walthall,Waterhouse,Watie,Waul,Wayne,Weisiger,Wharton,Wheeler,Whitfield,Whiting,Wickham,Wigfall,Wilcox,Williams,Wilson,Winder,Wise,Withers,Wofford,Wood,Wright,York,Young,Zollicoffer,Abbott,Abercrombie,Adams,Albright,Alger,Allen,Alvord,Ames,Ammen,Anderson,Andrews,Arnold,Asboth,Astor,Augur,Averell,Averill,Ayers,Babcock,Bailey,Baird,Baker,Banks,Banning,Barlow,Barnard,Barnes,Barney,Barnum,Barry,Bartlett,Batchelder,Bates,Baxter,Bayard,Beal,Beatty,Beaver,Belknap,Benedict,Benham,Bennett,Benton,Berry,Beveridge,Bidwell,Bingham,Birge,Birney,Black,Blair,Blaisdell,Blenker,Blunt,Bohlen,Bowen,Boyle,Boynton,Bradley,Bragg,Brannan,Brayman,Brewerton,Brice,Briggs,Brisbin,Brodhead,Brooke,Brooks,Brown,Browne,Buchanan,Buckingham,Buckland,Buell,Buford,Burbridge,Burnett,Burnham,Burns,Burnside,Busey,Bussey,Busteed,Butler,Butterfield,Cadwalader,Caldwell,Callis,Cameron,Campbell,Canby,Capehard,Carleton,Carlin,Carr,Carrington,Carroll,Carter,Casey,Catlin,Catterson,Chamberlain,Chambers,Champlin,Chapin,Chapman,Chetlain,Chipman,Chivington,Churchill,Chrusler,Clark,Clay,Clayton,Clendenin,Cluseret,Cobb,Cobham,Coburn,Cochrane,Cockerill,Cogswell,Collis,Comly,Connor,Cook,Cooke,Cooper,Copeland,Corcoran,Corse,Courch,Coughlin,Cowdin,Cox,Craig,Crawford,Crittenden,Crocker,Crook,Croxton,Cruft,Cullum,Cummings,Curtis,Custer,Cutcheon,Cutler,Daggett,Dana,Davidson,Davies,Davis,Dawes,Delafield,Dennis,Dent,Denver,De Russy,De Trobriand,Deitzler,Devens,Devin,Deweese,Dewey,Diven,Dix,Dodge,Doolittle,Doubleday,Dowv,Drake,Draper,Duffie,Dumont,Dunn,Duryee,Dutton,Duval,Dwight,Dyer,Eaton,Edgerton,Edwards,Egan,Ekin,Ellet,Ellicott,Ellis,Elstner,Emory,Enochs,Estes,Estey,Eustis,Ewing,Fairchild,Farnsworth,Ferrero,Ferry,Fessenden,Finley,Fisher,Fisk,Fletcher,Force,Forsyth,Foster,Franchot,Francine,Franklin,Fremont,French,Fry,Fuller,Gamble,Gardiner,Garfield,Garrard,Geary,Getty,Gibbon,Gibbs,Giesy,Gilbert,Gillem,Gillmore,Gobin,Gordon,Gorman,Gowen,Graham,Granger,Grant,Green,Greene,Gregg,Gresham,Grierson,Griffin,Grose,Grosvenor,Grover,Grubb,Hackleman,Halleck,Hamblin,Hamilton,Hamlin,Hammond,Hancock,Hardie,Hardin,Harding,Harker,Harland,Harney,Harriman,Harris,Harrison,Harrow,Hartranft,Hartsuff,Hascall,Haskin,Hatch,Haupt,Hawkins,Hawley,Hayes,Haynie,Hays,Hazen,Heckman,Heintzelman,Henderson,Henry,Herron,Hill,Hinks,Hitchcock,Hobart,Hobson,Hoffman,Holt,Hooker,Hovey,Howard,Howe,Howell,Hoyt,Hubbard,Humphrey,Humphreys,Hunt,Hunter,Hurlbut,Hyde,Ingalls,Irvine,Jackson,Jacobs,Jameson,Johnson,Jones,Judah,Kane,Kautz,Kearny,Keifer,Keim,Kelley,Kenly,Kennedy,Ketcham,Keyes,Kiernan,Kilpatrick,Kimball,King,Kirby,Kirk,Kitching,Knipe,Krzyzanowski,Lander,Lane,Latham,Lauman,Lawler,Lawrence,Ledlie,Lee,Leggett,Lightburn,Littlejohn,Lockwood,Logan,Long,Love,Lowell,Lucas,Lyon,Lytle,McArthur,McCall,McCleery,McClellan,McClernand,McConihe,McCook,MacDougall,McDowell,McGinnis,McIntosh,McKean,Mackenzie,McKinstry,McLean,McMahon,McMillan,McNeil,McNulta,McPherson,Maltby,Manderson,Mansfield,Manson,Marcy,Marsh,Marston,Martin,Marindale,Mason,Matthies,Meade,Meagher,Meigs,Meredith,Merritt,Miles,Miller,Milrow,Mindil,Mitchell,Montgomery,Moonlight,Moore,Morell,Morgan,Morris,Morton,Mott,Mower,Mulholland,Mulligan,Murray,Myers,Nagle,Naglee,Negley,Neill,Nelson,Newberry,Newton,Nickerson,Noble,Noyes,O'Beirne,Oglesby,Oliver,Opdycke,Ord,Orme,Osborn,Osterhaus,Owen,Packard,Paine,Palmer,Parke,Parker,Parkhurst,Parsons,Patrick,Patten,Patterson,Paul,Pearson,Peck,Pennypacker,Penrose,Phelps,Piatt,Pierce,Pile,Pitcher,Plaisted,Pleasonton,Plummer,Poe,Pope,Porter,Post,Potter,Potts,Powell,Pratt,Prentiss,Prescott,Prince,Quinby,Ramsay,Ransom,Raum,Rawlins,Read,Reid,Reilly,Reno,Revere,Reynolds,Rice,Richardson,Ricketts,Rinaker,Ripley,Roberts,Robinson,Rodman,Rogers,Rosecrans,Ross,Rousseau,Rowley,Rucker,Ruger,Rusk,Russell,Sackett,Salomon,Sanborn,Sanders,Saxton,Scammon,Schenck,Schimmerlfennig,Schoepf,Schofield,Schurz,Scott,Sedgwick,Sewell,Sewart,Seymour,Shackelford,Shaffer,Shafter,Shaler,Shanks,Sheldon,Shepard,Shepley,Sheridan,Sherman,Sherwood,Shields,Sibley,Sickles,Sigel,Sill,Slack,Slemmer,Slocum,Slough,Smith,Smyth,Spalding,Spaulding,Spears,Spencer,Spinola,Sprague,Spurling,Stahel,Stanley,Stannard,Starkweather,Stedman,Steedman,Steele,Stevens,Stevenson,Stokes,Stolbrand,Stone,Stoneman,Stoughton,Strong,Stuart,Stumbaugh,Sturgis,Sullivan,Sully,Summer,Swayne,Sweeny,Swift,Sykes,Sypher,Taylor,Terrill,Terry,Thayer,Thomas,Thompson,Thurston,Tibbits,Tillson,Todd,Tompkins,Torbert,Totten,Tower,Tracy,Tremain,Turchin,Turner,Tuttle,Tyler,Tyndale,Ullmann,Underwood,Upton,Van Alen,Van Cleve,Van Derveer,Van Vilet,Van Wyck,Vandever,Veatch,Viele,Vifquain,Vincent,Vinton,Vodges,Von Steinwehr,Von Vegesack,Wade,Wadsworth,Wagner,Walcutt,Wallace,Ward,Warner,Warren,Washburn,Watkins,Weaver,Webb,Weber,Webster,Weed,Weitzel,Wells,Welsh,Wessells,West,Wheaton,Whipple,Whitaker,White,Wild,Willcox,Williams,Williamson,Willich,Wilson,Winthorp,Wistar,Witcher,Withington,Wood,Woodbury,Woodford,Woods,Wool,Wright,Young,Zook,
