Michael, Christopher, Matthew, Joshua, Daniel, David, Andrew, James, Justin, Joseph, Ryan, John, Robert, Nicholas, Anthony, William, Jonathan, Kyle, Brandon, Jacob, Tyler, Zachary, Kevin, Eric, Steven, Thomas, Brian, Alexander, Jordan, Timothy, Cody, Adam, Benjamin, Aaron, Richard, Patrick, Sean, Charles, Stephen, Jeremy, Jose, Travis, Jeffrey, Nathan, Samuel, Mark, Jason, Jesse, Paul, Dustin, Gregory, Kenneth, Scott, Derek, Austin, Corey, Bryan, Ethan, Alex, Christian, Juan, Cameron, Jared, Taylor, Bradley, Luis, Cory, Edward, Shawn, Ian, Evan, Marcus, Shane, Peter, Carlos, Trevor, Antonio, Vincent, George, Keith, Phillip, Victor, Dylan, Brett, Chad, Nathaniel, Donald, Caleb, Casey, Jesus, Blake, Raymond, Mitchell, Adrian, Joel, Erik, Ronald, Devin, Garrett, Miguel, Gabriel, Seth, Douglas, Logan, Spencer, Derrick, Wesley, Johnathan, Frank, Chase, Philip, Lucas, Martin, Gary, Francisco, Jorge, Craig, Luke, Mario, Ricardo, Curtis, Colin, Julian, Jonathon, Alan, Alejandro, Brent, Troy, Dennis, Johnny, Randy, Isaac, Angel, Manuel, Oscar, Jeffery, Andre, Henry, Colton, Jake, Allen, Russell, Edgar, Larry, Carl, Tony, Jerry, Mathew, Eduardo, Roberto, Devon, Darius, Clayton, Jeremiah, Brendan, Hector, Javier, Todd, Omar, Drew, Sergio, Danny, Marc, Terry, Kristopher, Jack, Albert, Louis, Bryce, Edwin, Max, Jimmy, Calvin, Lawrence, Micheal, Ricky, Ivan, Ruben, Fernando, Levi, Rodney, Lance, Grant, Dillon, Bobby, Xavier, Nicolas, Maxwell, Dominic, Ross, Walter, Randall, Dalton, Julio, Dakota, Pedro, Arthur, Preston, Cesar, Darren, Rafael, Clinton, Andres, Bryant, Maurice, Isaiah, Dominique, Mason, Raul, Roger, Joe, Gerald, Lee, Billy, Jaime, Jon, Jay, Emmanuel, Hunter, Tanner, Willie, Connor, Erick, Shaun, Alberto, Marco, Jamie, Noah, Armando, Reginald, Jessie, Eddie, Theodore, Zachery, Terrance, Roy, Marvin, Micah, Collin, Bruce, Malcolm, Wayne, Elijah, Darrell, Abraham, Colby, Jamal, Geoffrey, Cole, Ramon, Johnathon, Frederick, Trent, Gerardo, Darryl, Terrence, Brock, Marquis, Arturo, Tyrone, Neil, Ronnie, Enrique, Jerome, Byron, Trenton, Steve, Nickolas, Miles, Tommy, Alec, Alfredo, Marcos, Kurt, Andy, Deandre, Melvin, Morgan, Nelson, Harrison, Marshall, Terrell, Ernest, Francis, Dale, Dean, Desmond, Demetrius, Kelvin, Kendall, Salvador, Leonard, Josue, Gavin, Karl, Glenn, Quinton, Donovan, Franklin, Branden, Skyler, Nolan, Rene, Kaleb, Kody, Jermaine, Dwayne, Diego, Lorenzo, Ernesto, Riley, Eugene, Stanley, Orlando, Brady, Chance, Israel, Jarrod, Jackson, Sebastian, Damon, Damian, Wade, Harold, Fabian, Landon, Zachariah, Giovanni, Ray, Tristan, Alvin, Damien, Zackary, Angelo, Dane, Alexis, Beau, Quentin, Kendrick, Warren, Gilbert, Gustavo, Parker, Stuart, Trey, Clifford, Kirk, Barry, Jordon, Lamar, Kelly, Joey, Darnell, Josiah, Pablo, Rashad, Courtney, Elliott, Gage, Elias, Eli, Antoine, Brad, Alfred, Ashton, Dante, Stefan, Felix, Elliot, Emanuel, Harry, Oliver, Roman, Clarence, Clint, Simon, Dexter, Cedric, Hayden, Jarrett, Tevin, Brennan, Allan, Abel, Ralph, Rudy, Kory, Roderick, Infant, Leon, Keenan, Dallas, Dominick, Noel, Guillermo, Sam, Graham, Lewis, Weston, Blaine, Rodolfo, Howard, Julius, Akeem, Earl, Stephan, Tyson, Wyatt, Saul, Kurtis, Jarred, Derick, Ismael, Esteban, Leonardo, Hugo, Cristian, Bret, Jamar, Zackery, Forrest, Charlie, Alfonso, Donte, Carlton, Corbin, Felipe, Myles, Shannon, Bernard, Gilberto, Kenny, Isiah, Zane, Jarvis, Ty, Korey, Emilio, Rogelio, Leroy, Sheldon, Daryl, Demarcus, Denzel, Clay, Dwight, Coty, Chris, Chaz, Tyrell, Brendon, Terence, Owen, Deangelo, Perry, Carson, Marlon, Conor, Kasey, Neal, Heath, Kameron, Sterling, Glen, Raphael, Skylar, Moises, Fredrick, Brenton, Norman, Clifton, Gordon, Ali, Nikolas, Tucker, Alonzo, Leo, Ramiro, Davon, Wilson, Deshawn, Ariel, Kerry, Shayne, Braden, Cornelius, Chandler, Kent, Vernon, Tomas, Lloyd, Avery, Devan, Frankie, Pierre, Jaron, Fred, Jayson, Keegan, Rolando, Markus,Quincy,Rickey,Quintin,Garret,Roland,Mike,Lonnie,Rick,Darrin,Rodrigo,Rory,Humberto,Sidney,Ben,Tracy,Quinn,Brenden,Jamel,Dorian,Duane,Jean,Mackenzie,Nathanael,Shelby,Dion,Gerard,Lukas,Brice,Herbert,Dana,Darin,Cortez,Antwan,Javon,Clark,Efrain,Kadeem,Noe,Reynaldo,Drake,Freddy,Kristofer,Reid,Donnie,Tylor,Adan,Mauricio,Deon,Bryson,Carter,Jace,Marquise,Don,Jimmie,Everett,Malik,Johnnie,Lane,Ahmad,Arnold,Marcel,Milton,Tyree,Santiago,Guy,Salvatore,Jerrod,Darrius,Kristian,Nigel,Lamont,Kareem,Mitchel,Freddie,Alvaro,Toby,Jakob,Thaddeus,Blair,Bradford,Reuben,Kwame,Leslie,Rico,Sammy,Vicente,Harley,Moses,Will,Stephon,Keaton,Chadwick,Stewart,Winston,Robin,Davis,Ignacio,Joaquin,Aron,Anton,Bo,Griffin,Mohammad,Issac,Liam,Rusty,Amir,Leland,Baby,Guadalupe,Hakeem,Irvin,Jasper,Deonte,German,Gene,Leonel,Colten,Conrad,Nico,Jovan,Kyler,Nestor,Ryne,Agustin,Conner,Ezekiel,Jackie,Loren,Lester,Darian,Lyle,Jarod,Bradly,Herman,Clyde,Floyd,Garrick,Osvaldo,Rigoberto,Ted,Dusty,Jeff,Addison,Vance,Dewayne,Khiry,Adolfo,Nathanial,Sonny,Ashley,Donnell,Jonah,Erin,Reed,Rocky,Kellen,Paris,Dan,Jameson,Jamison,Rex,Cecil,Lionel,Tory,Demario,Antwon,Grayson,Jamaal,Nick,Randolph,Arron,Chester,Bennett,Damion,Jairo,Mohammed,Myron,Wendell,Brooks,Heriberto,Shea,Irving,Spenser,Bronson,Jim,Uriel,Jerrell,Solomon,Elmer,Tom,Jess,Jody,Octavio,Aric,Barrett,Otis,Josh,Male,Moshe,Royce,Alton,Harvey,Austen,Cooper,Bryon,Daquan,Jefferson,Greg,Aubrey,Benny,Sylvester,Tyron,Ahmed,Braxton,Erich,Cruz,Elvis,Estevan,Randal,Rashawn,Tobias,Dominque,Amos,Justen,Kelsey,Scotty,Houston,Deven,Hassan,Dashawn,Derik,Westley,Dontae,Hugh,Mohamed,Duncan,Ron,Unknown,Cristopher,Jamil,Arsenio,Hans,Brandan,Dandre,Santos,Cordell,Ladarius,Robbie,Trever,Ulysses,Vaughn,Jaquan,Holden,Mikel,Ellis,Jessy,Wilfredo,Morris,Bernardo,Camron,Ezra,Jonas,Ezequiel,Galen,Luther,Colt,Efren,Garry,Gonzalo,Raheem,Brant,Darrel,Grady,Niko,Dereck,Edgardo,Maximilian,Jerod,Marty,Pete,Dario,Martez,Kirby,Coleman,Cullen,Gino,Dejuan,Josef,Reece,Aldo,Sherman,Teddy,Benito,Brody,Jacques,Ulises,Asa,Codey,Stevie,Demarco,Donavan,Fidel,Gregorio,Virgil,Alphonso,Brandyn,Jerald,Willis,Alonso,Ervin,Isaias,Jamarcus,Marques,Zechariah,Cary,Stacy,Shelton,Darrick,Edmund,Keon,Kolby,Domingo,Laquan,Mychal,Raymundo,Rodrick,Cedrick,Cyrus,Jade,Junior,Mickey,Alexandro,Antony,Carlo,Claude,Francesco,Ira,Dangelo,Rhett,Darien,Trevon,Walker,August,Louie,Madison,Rudolph,Daron,Earnest,Jerad,Khalil,Travon,Kiefer,Lincoln,Roosevelt,Ken,Bennie,Carey,Darion,Jerel,Quinten,Ari,Deron,Greggory,Jessica,Jorden,Ibrahim,Kenton,Laron,Marquez,Mykel,Rocco,Timmy,Malcom,Stacey,Dayton,Kevon,Titus,Van,Anderson,Jarret,Marion,Zakary,Cade,Daren,Kendal,Vince,Aidan,Broderick,Pierce,Tommie,Chaim,Michel,Payton,Reese,Wallace,Andreas,Axel,Brennen,Derrell,Valentin,Donta,Emerson,Monte,Nikko,Jabari,Jacoby,Kendell,Darwin,Giancarlo,Isidro,Garett,Jan,Kegan,Prince,Rashaad,Samson,Abram,Cale,Cassidy,Cristobal,Dave,Eddy,Gregg,Jered,Remington,Kai,Talon,Cortney,Kelby,Rasheed,Abdul,Codie,Elvin,Laurence,Antione,Britton,Hernan,Jeffry,Kalvin,Najee,Rakeem,Reggie,Samir,Alexandre,Peyton,Wilbert,Alden,Camden,Channing,Chauncey,Federico,Julien,Tremaine,Derrek,Elisha,Malachi,Mikhail,Shay,Tyrel,Cornell,Elton,Emmett,Garrison,Marlin,Martell,Silas,Davin,Dionte,Eliseo,Jedidiah,Justine,Kraig,Marcelo,Ronny,Torrey,Trace,Coby,Donny,Jarrell,Jeremey,Jeromy,Keven,Tavon,Deontae,Edwardo,Keenen,Lazaro,Torey,Bill,Bruno,Genaro,Waylon,Brittany,Eliezer,Jory,Misael,Tate,Deante
