David, Michael, James, John, Robert, Mark, William, Richard, Thomas, Steven, Timothy, Joseph, Charles, Jeffrey, Kevin, Kenneth, Daniel, Paul, Donald, Brian, Ronald, Gary, Scott, Gregory, Anthony, Edward, Stephen, Larry, Christopher, Douglas, Dennis, Randy, George, Terry, Keith, Mike, Jerry, Ricky, Bruce, Frank, Peter, Craig, Steve, Eric, Patrick, Raymond, Roger, Danny, Jeff, Alan, Andrew, Tony, Carl, Dale, Jeffery, Russell, Joe, Wayne, Randall, Tim, Matthew, Gerald, Chris, Lawrence, Johnny, Phillip, Billy, Rodney, Jimmy, Walter, Todd, Barry, Bobby, Glenn, Jim, Philip, Martin, Jay, Curtis, Willie, Roy, Arthur, Greg, Henry, Jack, Tom, Ronnie, Ralph, Bryan, Bradley, Samuel, Harold, Albert, Dean, Bill, Darryl, Jon, Vincent, Allen, Rick, Stanley, Eddie, Victor, Darrell, Micheal, Louis, Jose, Howard, Eugene, Joel, Dan, Tommy, Leonard, Frederick, Don, Lee, Fred, Jonathan, Marvin, Ernest, Ray, Dave, Dwayne, Harry, Melvin, Mitchell, Duane, Kelly, Calvin, Kurt, Bob, Norman, Jerome, Brad, Karl, Marc, Tracy, Rickey, Earl, Edwin, Clifford, Kirk, Reginald, Glen, Francis, Perry, Kent, Alfred, Theodore, Jesse, Brett, Nicholas, Bernard, Brent, Benjamin, Darren, Clarence, Kerry, Gordon, Juan, Stuart, Troy, Shawn, Wesley, Warren, Carlos, Alvin, Guy, Kenny, Ron, Lance, Leroy, Vernon, Gilbert, Gene, Herbert, Ken, Aaron, Gregg, Lloyd, Dwight, Doug, Lonnie, Ted, Manuel, Leslie, Dana, Daryl, Leon, Nathan, Tyrone, Timmy, Donnie, Franklin, Marty, Antonio, Allan, Floyd, Neil, Robin, Andy, Sean, Andre, Gerard, Lewis, Clyde, Jackie, Ruben, Luis, Marcus, Maurice, Mario, Ricardo, Lester, Rex, Jimmie, Kelvin, Chuck, Kyle, Randal, Clayton, Charlie, Wade, Bret, Garry, Alex, Freddie, Sam, Alexander, Joey, Arnold, Leo, Byron, Neal, Milton, Derrick, Kim, Nathaniel, Wendell, Roland, Johnnie, Nick, Clinton, Randolph, Oscar, Herman, Derek, Ross, Adam, Terrence, Nelson, Pat, Harvey, Jody, Lynn, Cecil, Ben, Roberto, Jason, Jessie, Chester, Jesus, Clay, Fredrick, Hugh, Raul, Bart, Marshall, Hector, Matt, Clifton, Sammy, Rocky, Sidney, Carlton, Roderick, Claude, Rudy, Miguel, Frankie, Geoffrey, Benny, Wallace, Francisco, Ramon, Cary, Pete, Terence, Lyle, Jamie, Terrance, Curt, Grant, Edgar, Rene, Virgil, Max, Bradford, Pedro, Angelo, Angel, Christian, Loren, Darrel, Lorenzo, Felix, Morris, Mickey, Jaime, Ed, Rory, Everett, Stewart, Phil, Myron, Armando, Clark, Ira, Ivan, Earnest, Teddy, Salvatore, Fernando, Dewayne, Sherman, Adrian, Otis, Drew, Jorge, Travis, Bennie, Malcolm, Willard, Rafael, Marion, Cedric, Shane, Luther, Alton, Jeffry, Rickie, Elmer, Rusty, Laurence, Edmund, Julius, Sylvester, Scot, Rod, Alberto, Delbert, Jacob, Julian, Alfredo, Monty, Javier, Van, Preston, Roosevelt, Isaac, Clint, Erik, Alonzo, Monte, Kris, Lionel, Wilbert, Arturo, Rodger, Orlando, Vance, Robbie, Archie, Evan, Kendall, Dominic, Rudolph, Blake, Ernie, Dexter, Lowell, Gabriel, Gerry, Luke, Stevie, Horace, Tommie, Stephan, Willis, Leland, Doyle, Stan, Hal, Jerald, Hubert, Forrest, Al, Darwin, Noel, Bryant, Sheldon, Bert, Owen, Blaine, Dino, Ryan, Alfonso, Freddy, Boyd, Oliver, Toby, Carey, Jan, Eduardo, Dirk, Enrique, Denis, Justin, Damon, Ellis, Donny, Buddy, Grady, Spencer, Wilbur, Cory, Dallas, Rob, Ernesto, Casey, Dominick, Kirby, Julio, Zachary, Seth, Russ, Mathew, Ervin, Salvador, Vince, Mitch, Miles, Rufus, Louie, Ronny, Darnell, Mack, Darin, Randell, Homer, Cornelius, Rodolfo, Dewey, Joshua, Bryon, Denny, Tod, Corey, Moses, Irvin, Royce, Stacy, Colin, Marlon, Abraham, Dane, Sammie, Jess, Alphonso, Shannon, Scotty, Cameron, Ward, Wilson, Conrad, Rolando, Sergio, Aubrey, Elliott, Lane, Carroll, Percy, Edmond, Lamar, Michel, Reggie, Barney, Elbert, Joesph, Amos, Trent, Garland, Chad, Nicky, Ty, Ramiro, Cliff, Gilberto, Morgan, Blair, Reuben,Stacey,Abel,Cleveland,Norris,Wilfred,Ian,Lyndon,Vaughn,Barton,Elvis,Pierre,Elton,Guadalupe,Shaun,Sterling,Reynaldo,Rich,Gerardo,Harlan,Marlin,Pablo,Rocco,Dwain,Israel,Bernie,Lamont,Will,Mitchel,Donnell,Simon,Ned,Terrell,Lon,Thaddeus,Galen,Darrin,Eddy,Russel,Brendan,Murray,Emmett,Reed,Andres,Woodrow,Ismael,Emanuel,Marco,Robby,Alejandro,Austin,Bennett,Felipe,Hans,Junior,Tomas,Kurtis,Gus,Garth,Irving,Kennith,Lenny,Unknown,Bobbie,Guillermo,Winston,Avery,Billie,Dion,Erwin,Tracey,Bryce,Burton,Dick,Fabian,Art,Brandon,Garrett,Dannie,Elijah,Jasper,Wilfredo,Eldon,Norbert,Tyler,Elvin,Carmen,Harrison,Levi,Linwood,Merle,Danial,Rogelio,Sandy,Domingo,Duncan,Jefferson,Grover,Lanny,Les,Harley,Theron,Elias,Mary,Kip,Sanford,Thurman,Erich,Kermit,Nolan,Antoine,Marcos,Erick,Kraig,Daren,Emil,Jonathon,Santiago,Vito,Jeremy,Kenton,Roscoe,Shelby,Elliot,Hank,Jake,Lonny,Kelley,Orville,Anton,Gino,Timmie,Lindsay,Cesar,Dudley,Jeremiah,Layne,August,Shelton,Ulysses,Emilio,Errol,Winfred,Loyd,Eli,Sonny,Tad,Cornell,Emery,Frederic,Jean,Johnathan,Adolph,Coy,Gustavo,Santos,Britt,Donn,Lindsey,Otto,Jed,Odell,Roman,Toney,Carter,Keven,Ignacio,Noah,Wes,Del,Wiley,Charley,Jordan,Nicolas,Wayde,Brady,Quintin,Chip,Stefan,Timmothy,Vern,Wally,Damian,Davis,Emory,Benito,Efrain,Ivory,Lenard,Reid,Carlo,Gale,Josh,Solomon,Hollis,Jerold,Saul,Jacky,Quentin,Humberto,Xavier,Weldon,Marcel,Mikel,Hiram,Millard,Quinton,Adolfo,Randel,Val,Carmine,Len,Butch,Elwood,Scottie,Bud,Zane,Chet,Noe,Ollie,Thad,Jackson,Kennedy,Courtney,Myles,Cris,Derwin,Blane,Eloy,Basil,Jarvis,Kirt,Merrill,Bradly,Dwaine,Fidel,Jerrold,Richie,Fredric,Jude,Von,Mervin,Riley,Burt,Devin,Jacques,Bruno,Denver,Emmanuel,Harris,Keenan,Christophe,Delmar,Merlin,Sal,Skip,Wyatt,Freeman,Leonardo,Stanford,Dee,Alec,Gavin,Rock,Armand,Edwardo,Connie,Gil,Duke,Mel,Rolf,Everette,Greggory,Isaiah,Linda,Omar,Raynard,Antony,Brooks,Elroy,Hugo,Kennth,Kimberly,Aron,Graham,Judson,Royal,Douglass,Ethan,Kenney,Lavern,Lemuel,Taylor,Augustine,Clement,Heriberto,Joaquin,Raphael,Carson,Dalton,Eliot,Nickolas,Berry,Derick,Dusty,Emerson,Forest,Fritz,Johnie,Vicente,Ashley,Curtiss,Cody,Gearld,Hilton,Lupe,Audie,Domenic,Donell,Alden,Flint,Irwin,Lisa,Roddy,Darius,Lincoln,Carol,Desmond,Gregorio,Kristopher,Rodrick,Tobin,Anderson,Cruz,Dickie,Duwayne,Agustin,Robbin,Stanton,Susan,Andrea,Arnulfo,Artis,Dell,Demetrius,Felton,Laverne,Maynard,Wilton,Benedict,Darold,Dwane,Esteban,Federico,Haywood,Leigh,Mason,Pasquale,Arlen,Donna,Jefferey,Lucas,Raymon,Silas,Vic,Cyrus,Faron,Leif,Marcelino,Rogers,Fletcher,Glynn,Lesley,Moises,Rayford,Cyril,Dante,Debra,Donovan,Kevan,Lennie,Reinaldo,Barrett,Brice,Darrick,Huey,Kerwin,Monroe,Napoleon,Titus,Woody,Micah,Broderick,Derrell,Gonzalo,Karen,Mckinley,Brien,Cole,Jame,Major,Sebastian,Andra,Brant,Buford,Hayward,Hunter,Wardell,Wilford,Wilmer,Alvaro,Darry,Jonas,Mac,Patricia,Ricki,Truman,Cynthia,Earle,Gaylon,Adan,Barron,Bernardo,Clair,Quinn,Roel,Trevor,Yancy,Booker,Cal,Darron,Darryle,Herb,Herschel,Rhett,Sid,Tab,Alexis,Carmelo,Odis,Raymundo,Stephon,Warner,Barbara,Baron,Coleman,Deborah,Leonel,Lou,Paris,Waymon,Windell,Alfonzo,Benton,Brenda,Darryll,Devon,Isiah,Jamey,Jere,Leander,Rolland,Boyce,Brock,Chaim,Daryle,Ezra,Ferdinand,Hershel,Lars,Lawerence,Lyman,Willam,Arnoldo,Buck,Dennie,Issac,Jared,Lacy,Montgomery,Prince,Sandra,Walt,Abe,Alva,Arnie,Artie,Chauncey,Darell,Dorsey,Emmitt,Garret,Kory,Quincy,Regan,Robb,Aldo,Augustus,Burl,Elizabeth
